epoch,time,train/box_loss,train/cls_loss,train/dfl_loss,metrics/precision(B),metrics/recall(B),metrics/mAP50(B),metrics/mAP75(B),metrics/mAP50-95(B),val/box_loss,val/cls_loss,val/dfl_loss,lr/pg0,lr/pg1,lr/pg2
1,392.346,2.18934,7.02592,1.06455,0.30903,0.63597,0.44683,0.3664,0.29727,1.14769,1.72547,0.84189,0.00332787,0.00332787,0.00332787
2,764.692,2.02631,4.2107,1.05553,0.47619,0.80231,0.69513,0.5997,0.48265,1.00925,1.43178,0.84671,0.00659526,0.00659526,0.00659526
3,1093.49,2.04306,2.73633,1.0626,0.74284,0.72765,0.84186,0.71779,0.5833,1.05066,1.2361,0.84262,0.00979664,0.00979664,0.00979664
4,1422.95,1.95964,2.10908,1.04831,0.79087,0.79348,0.88674,0.79644,0.62989,1.01953,1.01071,0.83215,0.009703,0.009703,0.009703
5,1754.38,1.8792,1.87648,1.03342,0.75889,0.78022,0.81407,0.72128,0.58877,0.97193,1.02266,0.83343,0.009604,0.009604,0.009604
6,2071.97,1.82369,1.76897,1.0156,0.85937,0.88003,0.94977,0.88003,0.7125,0.90164,0.75333,0.82582,0.009505,0.009505,0.009505
7,2410.96,1.80939,1.71484,1.01457,0.86156,0.9261,0.96424,0.85864,0.72464,0.94206,0.73487,0.83102,0.009406,0.009406,0.009406
8,2751.19,1.77439,1.66065,1.0066,0.91202,0.93242,0.96993,0.918,0.75545,0.83125,0.59717,0.81119,0.009307,0.009307,0.009307
9,3113.25,1.74918,1.63102,0.99545,0.91587,0.91258,0.96676,0.90892,0.77162,0.79257,0.6527,0.81635,0.009208,0.009208,0.009208
10,3440.43,1.71993,1.60273,0.98758,0.94268,0.92311,0.9716,0.90863,0.75694,0.83085,0.58162,0.81063,0.009109,0.009109,0.009109
11,3758.7,1.71013,1.56269,0.98583,0.93527,0.9511,0.97947,0.92107,0.76785,0.81863,0.55252,0.8176,0.00901,0.00901,0.00901
12,4080.19,1.70379,1.55235,0.97811,0.93379,0.93746,0.97658,0.90016,0.74321,0.89601,0.58734,0.81747,0.008911,0.008911,0.008911
13,4400.31,1.69614,1.54832,0.97636,0.93396,0.93941,0.97639,0.92139,0.76426,0.82573,0.55041,0.81214,0.008812,0.008812,0.008812
14,4720.62,1.66638,1.51281,0.97313,0.94993,0.96109,0.9834,0.92657,0.79348,0.76173,0.52854,0.8072,0.008713,0.008713,0.008713
15,5061.62,1.63649,1.47035,0.9624,0.94717,0.9494,0.97874,0.92231,0.79635,0.71658,0.53319,0.80848,0.008614,0.008614,0.008614
16,5388.91,1.63005,1.45898,0.95991,0.96255,0.9559,0.9836,0.94641,0.79413,0.74434,0.51809,0.80495,0.008515,0.008515,0.008515
17,5707.91,1.61498,1.45616,0.95624,0.97349,0.94744,0.98878,0.94675,0.81978,0.72152,0.49714,0.80425,0.008416,0.008416,0.008416
18,6051.56,1.62229,1.44924,0.95667,0.94957,0.95455,0.98326,0.92999,0.7895,0.79343,0.54751,0.80953,0.008317,0.008317,0.008317
19,6381.02,1.6198,1.4438,0.9568,0.96517,0.9699,0.98895,0.94113,0.80513,0.74396,0.49656,0.80748,0.008218,0.008218,0.008218
20,6698.78,1.59381,1.40348,0.95376,0.96174,0.95851,0.98495,0.93529,0.80124,0.73576,0.49184,0.80534,0.008119,0.008119,0.008119
21,7019.28,1.58485,1.38994,0.9464,0.96516,0.97474,0.98993,0.9545,0.82675,0.69604,0.47283,0.8038,0.00802,0.00802,0.00802
22,7339.21,1.56062,1.3707,0.94541,0.95856,0.96969,0.98783,0.95506,0.82281,0.69266,0.48064,0.80505,0.007921,0.007921,0.007921
23,7670.49,1.58933,1.40362,0.94807,0.95961,0.96831,0.98572,0.94688,0.81725,0.70392,0.47541,0.80229,0.007822,0.007822,0.007822
24,7988.77,1.56258,1.37785,0.94404,0.95359,0.95923,0.98784,0.94227,0.8156,0.69668,0.48428,0.80036,0.007723,0.007723,0.007723
25,8317.19,1.54782,1.33722,0.93898,0.9701,0.96805,0.98793,0.95049,0.82282,0.65656,0.45091,0.80059,0.007624,0.007624,0.007624
26,8653.58,1.52872,1.31978,0.93689,0.97132,0.96646,0.98808,0.95562,0.82389,0.67948,0.45357,0.79961,0.007525,0.007525,0.007525
27,8971.96,1.5317,1.32627,0.93751,0.98445,0.9819,0.99147,0.95289,0.8277,0.66598,0.42148,0.79749,0.007426,0.007426,0.007426
28,9290.44,1.50887,1.3139,0.93413,0.96762,0.97107,0.98858,0.95772,0.83433,0.6366,0.4289,0.79699,0.007327,0.007327,0.007327
29,9630.99,1.48612,1.2739,0.93222,0.97773,0.97263,0.98939,0.94415,0.82739,0.65671,0.41198,0.7976,0.007228,0.007228,0.007228
30,9965.45,1.49981,1.25744,0.92807,0.97667,0.97199,0.99031,0.96076,0.84414,0.6263,0.40976,0.79587,0.007129,0.007129,0.007129
31,10283,1.48758,1.25294,0.92779,0.98275,0.97932,0.9916,0.95336,0.83655,0.64928,0.40375,0.79683,0.00703,0.00703,0.00703
32,10601,1.48281,1.22907,0.92778,0.9811,0.98212,0.9926,0.96065,0.83637,0.63664,0.39495,0.79504,0.006931,0.006931,0.006931
33,10919.9,1.46567,1.21117,0.92753,0.98264,0.97226,0.99186,0.96445,0.84342,0.61817,0.39889,0.79438,0.006832,0.006832,0.006832
34,11239,1.45689,1.18492,0.92169,0.97959,0.97533,0.99199,0.96605,0.85162,0.5973,0.38122,0.7949,0.006733,0.006733,0.006733
35,11557.5,1.45213,1.16084,0.924,0.97259,0.97449,0.99148,0.96281,0.84684,0.60582,0.38574,0.79374,0.006634,0.006634,0.006634
36,11875.7,1.43268,1.15094,0.91882,0.97081,0.97835,0.99096,0.95764,0.84392,0.62846,0.3896,0.79476,0.006535,0.006535,0.006535
37,12206,1.4279,1.12807,0.91432,0.98025,0.98036,0.9917,0.96617,0.85533,0.58291,0.36684,0.79147,0.006436,0.006436,0.006436
38,12540.5,1.40563,1.10806,0.91898,0.97812,0.97909,0.99236,0.97399,0.8629,0.56394,0.35605,0.79064,0.006337,0.006337,0.006337
39,12857.7,1.41606,1.10312,0.92215,0.97276,0.98339,0.99269,0.96361,0.86033,0.57369,0.36306,0.79189,0.006238,0.006238,0.006238
40,13192.9,1.39616,1.0757,0.91289,0.97598,0.98064,0.99207,0.97405,0.85487,0.57911,0.35635,0.78976,0.006139,0.006139,0.006139
41,13532.3,1.39238,1.07444,0.91076,0.9573,0.98925,0.99129,0.97176,0.8581,0.57316,0.36236,0.79059,0.00604,0.00604,0.00604
42,13850.3,1.37767,1.05729,0.90604,0.98053,0.98345,0.99307,0.96428,0.85741,0.58593,0.35108,0.78979,0.005941,0.005941,0.005941
43,14167.7,1.35784,1.04269,0.90331,0.97974,0.97983,0.99278,0.96457,0.85847,0.5853,0.35486,0.79021,0.005842,0.005842,0.005842
44,14485.9,1.34912,1.02365,0.90522,0.97817,0.9856,0.99136,0.9756,0.86947,0.54939,0.3417,0.7883,0.005743,0.005743,0.005743
45,14829.3,1.34759,1.00203,0.90095,0.97964,0.97299,0.99015,0.97464,0.87119,0.54017,0.34876,0.78655,0.005644,0.005644,0.005644
46,15194.9,1.32814,0.9911,0.90005,0.98019,0.97988,0.9924,0.9692,0.86823,0.55331,0.34007,0.78795,0.005545,0.005545,0.005545
47,15544.7,1.30497,0.972,0.8941,0.98687,0.97556,0.99176,0.9708,0.86769,0.55513,0.32877,0.78797,0.005446,0.005446,0.005446
48,15905.4,1.31827,0.97768,0.89558,0.98475,0.9885,0.99309,0.97775,0.87368,0.54039,0.32436,0.78689,0.005347,0.005347,0.005347
49,16256.9,1.30288,0.95056,0.89659,0.98661,0.98481,0.99216,0.97363,0.87312,0.54286,0.3241,0.78746,0.005248,0.005248,0.005248
50,16583.6,1.28267,0.92347,0.8936,0.98755,0.98497,0.99316,0.97811,0.87472,0.53424,0.32289,0.78624,0.005149,0.005149,0.005149
